fp_sol,normalized_hash,label,n_assessments,n_positive,n_negative,n_assessed_types,assessed_types,positive_types,assessed_swcs,source_datasets,source_path,v1_labels,v1_splits,same_label,conflict_reason
0217712a4345288b8a3ba6c16c33b1c9,f5323fe04542aa17c129f1928ed8810e7ebf6916949ba019ad5f78568a4f2599,1,1,1,0,1,front_running,front_running,114,EthRacer,C:\Users\Exauce\Documents\smart-contract-cgt\source\0217712a4345288b8a3ba6c16c33b1c9.sol,0,val,False,cgt_v1_label_conflict
08c780e746242435dab4f0edfdd708e4,8fe764e4e38e1dfaa9bf9e34a04c3abb1c77e51f708f341bac168dca9e00900a,0,5,0,5,5,bad_randomness|denial_service|front_running|reentrancy|unchecked_low_calls,,104|107|113|114|120,NPChecker,C:\Users\Exauce\Documents\smart-contract-cgt\source\08c780e746242435dab4f0edfdd708e4.sol,1,val,False,cgt_v1_label_conflict
0aef6c211111272d7254889fc692314e,d47ea964beca3feff199a5b273efd539c819860b0832141d53f07b9709d65094,1,7,4,3,6,arithmetic|bad_randomness|denial_service|front_running|reentrancy|unchecked_low_calls,arithmetic|front_running|reentrancy|unchecked_low_calls,101|104|107|113|114|120,Zeus|eThor,C:\Users\Exauce\Documents\smart-contract-cgt\source\0aef6c211111272d7254889fc692314e.sol,0,train,False,cgt_v1_label_conflict
0bc87b374140bf4b45301142388b1ac2,28673a856def5b91521c587b7cc8d83f9e3bf22415ae6624cf2fa93003654a4f,0,4,0,4,4,denial_service|front_running|reentrancy|unchecked_low_calls,,104|107|113|114,Zeus,C:\Users\Exauce\Documents\smart-contract-cgt\source\0bc87b374140bf4b45301142388b1ac2.sol,1,test,False,cgt_v1_label_conflict
13371f6fcfda3a0fb88e0d404700725f,de38a420aa9950a3b54b2a2c55c2fcec119ce88ec8778c9e11cb1fc87544b2fc,1,7,1,6,6,arithmetic|bad_randomness|denial_service|front_running|reentrancy|unchecked_low_calls,arithmetic,101|104|107|113|114|120,Zeus|eThor,C:\Users\Exauce\Documents\smart-contract-cgt\source\13371f6fcfda3a0fb88e0d404700725f.sol,0,val,False,cgt_v1_label_conflict
15c7b09fde87ff4c25709229e8d86e9f,bf008778cbc63fd8c1adcbeee2adc61ac9050a5c73268330c79fbf5e22123711,1,7,2,5,6,arithmetic|bad_randomness|denial_service|front_running|reentrancy|unchecked_low_calls,arithmetic|reentrancy,101|104|107|113|114|120,Zeus|eThor,C:\Users\Exauce\Documents\smart-contract-cgt\source\15c7b09fde87ff4c25709229e8d86e9f.sol,0,train,False,cgt_v1_label_conflict
182b0e2f9cdb89bd4b9eb5e986ceab1d,10f116b0dbd75aa0657ee889bb2ebc5eebe955b1f5bafdfc642014d0f4b508c6,1,1,1,0,1,front_running,front_running,114,EthRacer,C:\Users\Exauce\Documents\smart-contract-cgt\source\182b0e2f9cdb89bd4b9eb5e986ceab1d.sol,0,train,False,cgt_v1_label_conflict
18731bf4901e60907f304ae330903785,f15d893953d384cc3e8651715bf18237b3264d93b5df9112c7966cdbcf900042,1,8,4,4,6,arithmetic|bad_randomness|denial_service|front_running|reentrancy|unchecked_low_calls,arithmetic|front_running|unchecked_low_calls,101|104|107|113|114|120,ContractFuzzer|Zeus|eThor,C:\Users\Exauce\Documents\smart-contract-cgt\source\18731bf4901e60907f304ae330903785.sol,0,test,False,cgt_v1_label_conflict
1b1f54b3f4cefadf796b2e17b05cc2e7,817d529e1f4b08e01e9bbc20399811c2be9d1e049505d463bab762c3b0cce1db,1,6,1,5,6,arithmetic|bad_randomness|denial_service|front_running|reentrancy|unchecked_low_calls,reentrancy,101|104|107|113|114|120,Zeus,C:\Users\Exauce\Documents\smart-contract-cgt\source\1b1f54b3f4cefadf796b2e17b05cc2e7.sol,0,train,False,cgt_v1_label_conflict
1c441ae481d5647eebcbfbd62e323c43,e9f5209425a1ad2a8775b52baacb0b25380c0170942529053cf5cc995d3b8032,1,6,2,4,6,arithmetic|bad_randomness|denial_service|front_running|reentrancy|unchecked_low_calls,denial_service|front_running,101|104|107|113|114|120,Zeus,C:\Users\Exauce\Documents\smart-contract-cgt\source\1c441ae481d5647eebcbfbd62e323c43.sol,0,train,False,cgt_v1_label_conflict
1f64671037738fde256290124afa3ce4,733915666d14196dbd74dfc176c6f8c2649bead71a2d038c67fddaad423d9325,1,7,2,5,6,arithmetic|bad_randomness|denial_service|front_running|reentrancy|unchecked_low_calls,arithmetic|reentrancy,101|104|107|113|114|120,Zeus|eThor,C:\Users\Exauce\Documents\smart-contract-cgt\source\1f64671037738fde256290124afa3ce4.sol,0,train,False,cgt_v1_label_conflict
20e72cb95d983104a0963965538d7243,c40ec6218bbe5c713d450dfb8c03ebd256f7def1de400e048d88417f06dcf760,0,1,0,1,1,reentrancy,,107,Doublade,C:\Users\Exauce\Documents\smart-contract-cgt\source\20e72cb95d983104a0963965538d7243.sol,1,train,False,cgt_v1_label_conflict
26ef291a1db4a549e0225295427fe8d1,3759ca35ed6081c5e9530ffb73f91389079be1e4f6aa10dae5136a4f03d96425,1,7,1,6,6,arithmetic|bad_randomness|denial_service|front_running|reentrancy|unchecked_low_calls,arithmetic,101|104|107|113|114|120,Zeus|eThor,C:\Users\Exauce\Documents\smart-contract-cgt\source\26ef291a1db4a549e0225295427fe8d1.sol,0,train,False,cgt_v1_label_conflict
26f8be1c92078220de7f8c9de26398b3,4e913bbb1c3500dc164fcadaa614cc5131eefa8281fddf02b8da4128edbec698,1,7,1,6,6,arithmetic|bad_randomness|denial_service|front_running|reentrancy|unchecked_low_calls,arithmetic,101|104|107|113|114|120,Zeus|eThor,C:\Users\Exauce\Documents\smart-contract-cgt\source\26f8be1c92078220de7f8c9de26398b3.sol,0,train,False,cgt_v1_label_conflict
28a57a070ba417225137d7548eae53f5,7c2a8b3df42369f34be8d4f31613885b51b4cbc72a94c84c83399232f909fb03,1,1,1,0,1,arithmetic,arithmetic,101,EverEvolvingG,C:\Users\Exauce\Documents\smart-contract-cgt\source\28a57a070ba417225137d7548eae53f5.sol,0,train,False,cgt_v1_label_conflict
2b2beb388fb5b103e463206b735ae1bd,4832cb1e5829aaba2aa097f72f22f1afd1a6726db8f417c2cee938ec0d02502d,0,5,0,5,4,bad_randomness|denial_service|reentrancy|unchecked_low_calls,,104|107|113|120|128,CodeSmells,C:\Users\Exauce\Documents\smart-contract-cgt\source\2b2beb388fb5b103e463206b735ae1bd.sol,1,val,False,cgt_v1_label_conflict
2df320615c6cb1a8da04030561222e38,2512877062170a6a899de9ae483eaabcd9b79bb4161efda4202e9f7688f26f41,0,5,0,5,4,bad_randomness|denial_service|reentrancy|unchecked_low_calls,,104|107|113|120|128,CodeSmells,C:\Users\Exauce\Documents\smart-contract-cgt\source\2df320615c6cb1a8da04030561222e38.sol,1,train,False,cgt_v1_label_conflict
2ea121a615f085c42c640ebb9b3d2184,c3f54e1621fb0650c1db97e1e272367ef22ec16d16b2513cc27888b39f9ecff6,1,7,1,6,6,arithmetic|bad_randomness|denial_service|front_running|reentrancy|unchecked_low_calls,arithmetic,101|104|107|113|114|120,Zeus|eThor,C:\Users\Exauce\Documents\smart-contract-cgt\source\2ea121a615f085c42c640ebb9b3d2184.sol,0,train,False,cgt_v1_label_conflict
302accc3b3ac3ea565ee4d0b0fafdbbd,abfc37b83b10b6f1301ec381c4cab95e9a35505eb163e6d8cb5d48bb0dc86407,1,6,1,5,5,bad_randomness|denial_service|front_running|reentrancy|unchecked_low_calls,front_running,104|107|113|114|120,Doublade|NPChecker,C:\Users\Exauce\Documents\smart-contract-cgt\source\302accc3b3ac3ea565ee4d0b0fafdbbd.sol,0,train,False,cgt_v1_label_conflict
3110941db9bf2c1d57c9000020fe4dcb,cefdefe643096c42ac7430254a30e1ecf47d31a891e0e02da42e0468063f7383,0,5,0,5,4,bad_randomness|denial_service|reentrancy|unchecked_low_calls,,104|107|113|120|128,CodeSmells,C:\Users\Exauce\Documents\smart-contract-cgt\source\3110941db9bf2c1d57c9000020fe4dcb.sol,1,train,False,cgt_v1_label_conflict
3213543265e254c7c67a1085d8714f3e,c01f31ee28b57c420bbdd54769063663ffdfe62998651d28f776cd50754f94c2,1,7,1,6,6,arithmetic|bad_randomness|denial_service|front_running|reentrancy|unchecked_low_calls,arithmetic,101|104|107|113|114|120,Zeus|eThor,C:\Users\Exauce\Documents\smart-contract-cgt\source\3213543265e254c7c67a1085d8714f3e.sol,0,train,False,cgt_v1_label_conflict
329245db5ce9de76092fc33e056d139b,551b59247e31813884a1d9d78fbab68ebf1da6a06521fad91582c80beebc9f15,0,5,0,5,4,bad_randomness|denial_service|reentrancy|unchecked_low_calls,,104|107|113|120|128,CodeSmells,C:\Users\Exauce\Documents\smart-contract-cgt\source\329245db5ce9de76092fc33e056d139b.sol,1,train,False,cgt_v1_label_conflict
34a85b58d9dced4dbba67cafd562533f,649339f30f795ff282b7dff179fbc5780f8ab63bbd1a477cccab4b03f96a2ee4,1,7,1,6,6,arithmetic|bad_randomness|denial_service|front_running|reentrancy|unchecked_low_calls,arithmetic,101|104|107|113|114|120,Zeus|eThor,C:\Users\Exauce\Documents\smart-contract-cgt\source\34a85b58d9dced4dbba67cafd562533f.sol,0,val,False,cgt_v1_label_conflict
34a9b32c38da0878f5c3384f285fe391,6da5c7ec2b204320eb19beecd1983aab441ead5570382872d0511a58ef07d1e9,0,1,0,1,1,denial_service,,113,Doublade,C:\Users\Exauce\Documents\smart-contract-cgt\source\34a9b32c38da0878f5c3384f285fe391.sol,1,val,False,cgt_v1_label_conflict
35d1ae579ffe1ff235725a8ada62fae0,eb572cf53f36a5b94436ef5e828e3270399cb832a5f1424128b1a12b8d7be87a,1,7,1,6,6,arithmetic|bad_randomness|denial_service|front_running|reentrancy|unchecked_low_calls,arithmetic,101|104|107|113|114|120,Zeus|eThor,C:\Users\Exauce\Documents\smart-contract-cgt\source\35d1ae579ffe1ff235725a8ada62fae0.sol,0,train,False,cgt_v1_label_conflict
368844558533f8b0100596001b71879e,521c70bd173da45f6f5769edb30d249de52048f0fe260dd1da74608ba7722d8c,1,7,2,5,6,arithmetic|bad_randomness|denial_service|front_running|reentrancy|unchecked_low_calls,arithmetic|reentrancy,101|104|107|113|114|120,Zeus|eThor,C:\Users\Exauce\Documents\smart-contract-cgt\source\368844558533f8b0100596001b71879e.sol,0,train,False,cgt_v1_label_conflict
36af7f1d3af5a203d51030f484a34753,58c60b63732d2bb2933532ddfe1f0aa1f5e648b0fb9bd590f184e31da5d214c6,1,7,1,6,6,arithmetic|bad_randomness|denial_service|front_running|reentrancy|unchecked_low_calls,arithmetic,101|104|107|113|114|120,Zeus|eThor,C:\Users\Exauce\Documents\smart-contract-cgt\source\36af7f1d3af5a203d51030f484a34753.sol,0,val,False,cgt_v1_label_conflict
3ad8ca0d65457183607db655ec5515fc,b8830d2beec3b45ce3115c6ac16a499f2b2417d29fbceccb3c259fb3f4dbcf89,1,7,1,6,6,arithmetic|bad_randomness|denial_service|front_running|reentrancy|unchecked_low_calls,reentrancy,101|104|107|113|114|120,Zeus|eThor,C:\Users\Exauce\Documents\smart-contract-cgt\source\3ad8ca0d65457183607db655ec5515fc.sol,0,train,False,cgt_v1_label_conflict
3d621d123e2dedc7eb65b7bc9f88ebc3,d044dee8391e8568940269a6d516317bfdf057f734faf309b95e5214c4ceae48,0,2,0,2,1,reentrancy,,107,Doublade,C:\Users\Exauce\Documents\smart-contract-cgt\source\3d621d123e2dedc7eb65b7bc9f88ebc3.sol,1,test,False,cgt_v1_label_conflict
3de2fba1fb4c173089352b777e78ad0c,26cfdf2dfc63a6e6b8cb99c954382814d3ca747839778e1e26057a95469612fb,1,2,2,0,2,time_manipulation|unchecked_low_calls,time_manipulation|unchecked_low_calls,104|116,ContractFuzzer,C:\Users\Exauce\Documents\smart-contract-cgt\source\3de2fba1fb4c173089352b777e78ad0c.sol,0,test,False,cgt_v1_label_conflict
490bea87738e197f0955a044015f2908,819f38bbdd7fba7bebf22ae2e446457266493f9d685914fe350250206166847d,1,7,1,6,6,arithmetic|bad_randomness|denial_service|front_running|reentrancy|unchecked_low_calls,arithmetic,101|104|107|113|114|120,Zeus|eThor,C:\Users\Exauce\Documents\smart-contract-cgt\source\490bea87738e197f0955a044015f2908.sol,0,test,False,cgt_v1_label_conflict
490d4e92d85c9a164d5530a8234e35c5,5e83cd0de37ea0f7d673bdb6b04e83cc379f1c8f0a026d5f07c6d9f60a70eace,0,5,0,5,4,bad_randomness|denial_service|reentrancy|unchecked_low_calls,,104|107|113|120|128,CodeSmells,C:\Users\Exauce\Documents\smart-contract-cgt\source\490d4e92d85c9a164d5530a8234e35c5.sol,1,train,False,cgt_v1_label_conflict
4a5f293ebc9629b609b7a3450a56b637,eb37526156d17e965a6773e00982d61f20583947d8164b38ae98524ecece7060,1,7,2,5,6,arithmetic|bad_randomness|denial_service|front_running|reentrancy|unchecked_low_calls,arithmetic|reentrancy,101|104|107|113|114|120,Zeus|eThor,C:\Users\Exauce\Documents\smart-contract-cgt\source\4a5f293ebc9629b609b7a3450a56b637.sol,0,train,False,cgt_v1_label_conflict
4a73f761ebd052a751692461d0e8a8d9,21709118674bc180198a5170f93f76be871e9ab243438671913d02eec757582c,0,5,0,5,4,bad_randomness|denial_service|reentrancy|unchecked_low_calls,,104|107|113|120|128,CodeSmells,C:\Users\Exauce\Documents\smart-contract-cgt\source\4a73f761ebd052a751692461d0e8a8d9.sol,1,train,False,cgt_v1_label_conflict
4baae957e144419d5f422d8c061d7d10,14ac89d0fe6cee0f0b3d5fea0d2b238b3a1d69cbcb72607f2e49badc0370f7c3,1,7,1,6,6,arithmetic|bad_randomness|denial_service|front_running|reentrancy|unchecked_low_calls,arithmetic,101|104|107|113|114|120,Zeus|eThor,C:\Users\Exauce\Documents\smart-contract-cgt\source\4baae957e144419d5f422d8c061d7d10.sol,0,val,False,cgt_v1_label_conflict
4c8c53c8c930fd9003b740e3546e3164,1068f6f832f683e3bae0f95c59f41cc29ea9ce9e6f842f0840f8a543ea6ea090,1,7,3,4,6,arithmetic|bad_randomness|denial_service|front_running|reentrancy|unchecked_low_calls,arithmetic|denial_service|front_running,101|104|107|113|114|120,Zeus|eThor,C:\Users\Exauce\Documents\smart-contract-cgt\source\4c8c53c8c930fd9003b740e3546e3164.sol,0,test,False,cgt_v1_label_conflict
4d170b563b4b05e81e5fb375fd5c3481,cb710ae95b9e2374a2652020dd435c0acb48470aa1eac28ce64b6fc759c73c7e,1,7,2,5,6,arithmetic|bad_randomness|denial_service|front_running|reentrancy|unchecked_low_calls,arithmetic|reentrancy,101|104|107|113|114|120,Zeus|eThor,C:\Users\Exauce\Documents\smart-contract-cgt\source\4d170b563b4b05e81e5fb375fd5c3481.sol,0,train,False,cgt_v1_label_conflict
4db17c016d7caf4387984599ed87e9cc,d2de6f66e89c3953db6a971812f74da7538e9a92202ad5ea2b23fcaef37b95cb,1,7,1,6,6,arithmetic|bad_randomness|denial_service|front_running|reentrancy|unchecked_low_calls,denial_service,101|104|107|113|114|120,Zeus|eThor,C:\Users\Exauce\Documents\smart-contract-cgt\source\4db17c016d7caf4387984599ed87e9cc.sol,0,train,False,cgt_v1_label_conflict
4e76d197c9abfae7f2f08c2e02b3732e,9b8a2b99e67988f39f8451e6d1e66956c8a364fe1fc65cb5a9f449b8d0b61249,1,7,2,5,6,arithmetic|bad_randomness|denial_service|front_running|reentrancy|unchecked_low_calls,arithmetic|denial_service,101|104|107|113|114|120,Zeus|eThor,C:\Users\Exauce\Documents\smart-contract-cgt\source\4e76d197c9abfae7f2f08c2e02b3732e.sol,0,train,False,cgt_v1_label_conflict
4f085887b8c5b4b4a258a1000f470109,2f9a8b1148ffe24d5cc3574819427b5b30ea778f729dfad86bb962f7eff60a14,1,7,1,6,6,arithmetic|bad_randomness|denial_service|front_running|reentrancy|unchecked_low_calls,arithmetic,101|104|107|113|114|120,Zeus|eThor,C:\Users\Exauce\Documents\smart-contract-cgt\source\4f085887b8c5b4b4a258a1000f470109.sol,0,train,False,cgt_v1_label_conflict
4ff44cb73cbed3545d973b7d72fb1d49,9cb2ad6a318f763f1dbb9f24b90c06f00221766fd5dedfda59900503ddc3abbd,0,5,0,5,4,bad_randomness|denial_service|reentrancy|unchecked_low_calls,,104|107|113|120|128,CodeSmells,C:\Users\Exauce\Documents\smart-contract-cgt\source\4ff44cb73cbed3545d973b7d72fb1d49.sol,1,train,False,cgt_v1_label_conflict
533b96fbecadb64bb67444b09d63ba79,169bf618fe416e468c91c4cbaa53de6692a5b062c5c307e92bc34134f60c16a7,0,1,0,1,1,unchecked_low_calls,,104,Doublade,C:\Users\Exauce\Documents\smart-contract-cgt\source\533b96fbecadb64bb67444b09d63ba79.sol,1,train,False,cgt_v1_label_conflict
544ddf7650d4359817a2526b33091fa5,8ef7b196842e7104b17794f0709fae707407d22e33962473928989617e1e4844,0,1,0,1,1,reentrancy,,107,Doublade,C:\Users\Exauce\Documents\smart-contract-cgt\source\544ddf7650d4359817a2526b33091fa5.sol,1,test,False,cgt_v1_label_conflict
54e3beba4ddff7a98f90e099613a0e6e,abec2891bab84fd3e08505df42f29608653e0207340d17314d44338619852f45,1,7,1,6,6,arithmetic|bad_randomness|denial_service|front_running|reentrancy|unchecked_low_calls,arithmetic,101|104|107|113|114|120,Zeus|eThor,C:\Users\Exauce\Documents\smart-contract-cgt\source\54e3beba4ddff7a98f90e099613a0e6e.sol,0,train,False,cgt_v1_label_conflict
57d7b6bf36fc9ef5c366e1f5d0258ab9,6c648303eed4206539b1dc80ec54bfb9ae5fd59e176ef8184486751327a5f9c1,1,1,1,0,1,front_running,front_running,114,EthRacer,C:\Users\Exauce\Documents\smart-contract-cgt\source\57d7b6bf36fc9ef5c366e1f5d0258ab9.sol,0,train,False,cgt_v1_label_conflict
5d2c93af3a1f2604179d93e36304377e,4673f7985fd043537c3ac9a4f9eb0b8799503bc66848ff4af7c230c6061d7bb2,0,5,0,5,4,bad_randomness|denial_service|reentrancy|unchecked_low_calls,,104|107|113|120|128,CodeSmells,C:\Users\Exauce\Documents\smart-contract-cgt\source\5d2c93af3a1f2604179d93e36304377e.sol,1,train,False,cgt_v1_label_conflict
5ed7a351b37a1f783a692e7711c97fa2,4dd75e7aec49d3657af644b81ea8488fb54364bc23b042f7e3cc1db4c5a1d695,1,7,1,6,6,arithmetic|bad_randomness|denial_service|front_running|reentrancy|unchecked_low_calls,denial_service,101|104|107|113|114|120,Zeus|eThor,C:\Users\Exauce\Documents\smart-contract-cgt\source\5ed7a351b37a1f783a692e7711c97fa2.sol,0,train,False,cgt_v1_label_conflict
5f0839995f42647500c00172ccb218c0,48940753bf5d6b4eccf3d022e1cebf4bc18ca13cbefdfc39287464de674063a9,1,7,1,6,6,arithmetic|bad_randomness|denial_service|front_running|reentrancy|unchecked_low_calls,arithmetic,101|104|107|113|114|120,Zeus|eThor,C:\Users\Exauce\Documents\smart-contract-cgt\source\5f0839995f42647500c00172ccb218c0.sol,0,val,False,cgt_v1_label_conflict
5fe73d9c557aac78b6ede1e2bb107834,ed484e20c076217bb5a9cedb09f774a6e7cb78d12d6c83dbfb9688a9171893fd,1,12,3,9,6,arithmetic|bad_randomness|denial_service|front_running|reentrancy|unchecked_low_calls,arithmetic|denial_service|front_running,101|104|107|113|114|120|128,CodeSmells|Zeus|eThor,C:\Users\Exauce\Documents\smart-contract-cgt\source\5fe73d9c557aac78b6ede1e2bb107834.sol,0,train,False,cgt_v1_label_conflict
624e825fc92adabb2d5fdc4a69dcc9a7,fc221b6c467ec0446f582b552ae7dfba1cd86d101112d999e366577fd0ecd251,0,1,0,1,1,front_running,,114,EthRacer,C:\Users\Exauce\Documents\smart-contract-cgt\source\624e825fc92adabb2d5fdc4a69dcc9a7.sol,1,val,False,cgt_v1_label_conflict
65b904a4249f2c1308ae14e4250b31d2,3f8f604dab2a0b88ea61770a51308ab083360a8e221ceed05685e1c65fd6e500,0,1,0,1,1,front_running,,114,EthRacer,C:\Users\Exauce\Documents\smart-contract-cgt\source\65b904a4249f2c1308ae14e4250b31d2.sol,1,train,False,cgt_v1_label_conflict
6876866d90fd59ca5fa0e6f41ffa67e7,e8a13ab3428fcbf6fe3f46d68f7ffe76e7e0801eca7d4834794bbfa6f6c839c1,1,7,1,6,6,arithmetic|bad_randomness|denial_service|front_running|reentrancy|unchecked_low_calls,arithmetic,101|104|107|113|114|120,Zeus|eThor,C:\Users\Exauce\Documents\smart-contract-cgt\source\6876866d90fd59ca5fa0e6f41ffa67e7.sol,0,train,False,cgt_v1_label_conflict
6e142d71cf85bf75de0dd92c91ffc728,dd79d70af73ee725d5b30c3ff4d6f2b945c192847413611cfd47c2865f3dfb69,0,1,0,1,1,front_running,,114,EthRacer,C:\Users\Exauce\Documents\smart-contract-cgt\source\6e142d71cf85bf75de0dd92c91ffc728.sol,1,train,False,cgt_v1_label_conflict
6e15a796e67f49d461c272a239b2f8c1,994da7309e473bceb12a58310a825c5d8249ff950f5f4c5326b1f4b666f2138b,1,7,3,4,6,arithmetic|bad_randomness|denial_service|front_running|reentrancy|unchecked_low_calls,arithmetic|denial_service|front_running,101|104|107|113|114|120,Zeus|eThor,C:\Users\Exauce\Documents\smart-contract-cgt\source\6e15a796e67f49d461c272a239b2f8c1.sol,0,val,False,cgt_v1_label_conflict
72c7afddfd98c2b03e56fee91ef8c659,4651f83bc935da2dcdb9b11faf80bf8141485a6df434b064520b9c2cee6b9d66,0,5,0,5,4,bad_randomness|denial_service|reentrancy|unchecked_low_calls,,104|107|113|120|128,CodeSmells,C:\Users\Exauce\Documents\smart-contract-cgt\source\72c7afddfd98c2b03e56fee91ef8c659.sol,1,train,False,cgt_v1_label_conflict
745d5e6495ba738ec453cd8b4f66fc69,e08c0f6682601fd204ace0ee2b296aefc3bb75afe2996711c828eb6794dc61f2,1,7,1,6,6,arithmetic|bad_randomness|denial_service|front_running|reentrancy|unchecked_low_calls,arithmetic,101|104|107|113|114|120,Zeus|eThor,C:\Users\Exauce\Documents\smart-contract-cgt\source\745d5e6495ba738ec453cd8b4f66fc69.sol,0,test,False,cgt_v1_label_conflict
75df5b0e988c3570ca8b16f51a5af447,4b5421bbc808205cd373cf1c18d05e93c6716c13bc93b53aefe10409ce60eb0b,1,7,1,6,6,arithmetic|bad_randomness|denial_service|front_running|reentrancy|unchecked_low_calls,arithmetic,101|104|107|113|114|120,Zeus|eThor,C:\Users\Exauce\Documents\smart-contract-cgt\source\75df5b0e988c3570ca8b16f51a5af447.sol,0,train,False,cgt_v1_label_conflict
7659ad29230d62398ff513f1850a4118,3882a40cec69d428bd2a85b3e6d2e71d8e3a4553cef9e02e34807ca3e5807387,1,7,3,4,6,arithmetic|bad_randomness|denial_service|front_running|reentrancy|unchecked_low_calls,arithmetic|denial_service|front_running,101|104|107|113|114|120,Zeus|eThor,C:\Users\Exauce\Documents\smart-contract-cgt\source\7659ad29230d62398ff513f1850a4118.sol,0,train,False,cgt_v1_label_conflict
76a846f8a0240bbbd5dbdb0eac0a01c5,b9a6e05c6b8d301ec46b6d7f8b7852e51197d5e1f6588c55e202295ee65e216f,1,7,3,4,6,arithmetic|bad_randomness|denial_service|front_running|reentrancy|unchecked_low_calls,arithmetic|denial_service|front_running,101|104|107|113|114|120,Zeus|eThor,C:\Users\Exauce\Documents\smart-contract-cgt\source\76a846f8a0240bbbd5dbdb0eac0a01c5.sol,0,test,False,cgt_v1_label_conflict
776db1c99d75c11ee0b71ff399dec3f4,8b2ceef9e852babb96ea4f36f73b074c0bd64cdc67cf1e8d909174e533c3b0a0,0,5,0,5,4,bad_randomness|denial_service|reentrancy|unchecked_low_calls,,104|107|113|120|128,CodeSmells,C:\Users\Exauce\Documents\smart-contract-cgt\source\776db1c99d75c11ee0b71ff399dec3f4.sol,1,train,False,cgt_v1_label_conflict
781075ec09c15df6614568fd8fbf90f6,cd4ce120781feb0319d1a1e4f064c6138ee4bcc55beac02dde0db3600122de82,0,5,0,5,4,bad_randomness|denial_service|reentrancy|unchecked_low_calls,,104|107|113|120|128,CodeSmells,C:\Users\Exauce\Documents\smart-contract-cgt\source\781075ec09c15df6614568fd8fbf90f6.sol,1,train,False,cgt_v1_label_conflict
781b4b91aaecaaaadc3393ec8a0860b1,0dcdd40a55daaf49d73cff244356ed0c5bdf227bdd42305f5a5b8889e024a924,1,7,1,6,6,arithmetic|bad_randomness|denial_service|front_running|reentrancy|unchecked_low_calls,arithmetic,101|104|107|113|114|120,Zeus|eThor,C:\Users\Exauce\Documents\smart-contract-cgt\source\781b4b91aaecaaaadc3393ec8a0860b1.sol,0,train,False,cgt_v1_label_conflict
78902daf6c646d04714637a71607b1fc,8ebc2cee16cb99cfdf16ef5e9b0ea9581566a49ac598fcbf95af7cbc21d5af5e,1,7,4,3,6,arithmetic|bad_randomness|denial_service|front_running|reentrancy|unchecked_low_calls,arithmetic|denial_service|front_running|reentrancy,101|104|107|113|114|120,Zeus|eThor,C:\Users\Exauce\Documents\smart-contract-cgt\source\78902daf6c646d04714637a71607b1fc.sol,0,train,False,cgt_v1_label_conflict
7990b1772aa525c3ab47a288113924ba,46a67096ec06b25936247fa38c4871b8147104f29dc92e05227b3e1147ce1736,1,7,1,6,6,arithmetic|bad_randomness|denial_service|front_running|reentrancy|unchecked_low_calls,arithmetic,101|104|107|113|114|120,Zeus|eThor,C:\Users\Exauce\Documents\smart-contract-cgt\source\7990b1772aa525c3ab47a288113924ba.sol,0,train,False,cgt_v1_label_conflict
7a15bd289068291a9f8932102ebd494f,a33ebeeddeb96372e456fd0974b000c7e7f8b325a17a704833f6bf48e996ddb9,1,7,3,4,6,arithmetic|bad_randomness|denial_service|front_running|reentrancy|unchecked_low_calls,arithmetic|denial_service|front_running,101|104|107|113|114|120,Zeus|eThor,C:\Users\Exauce\Documents\smart-contract-cgt\source\7a15bd289068291a9f8932102ebd494f.sol,0,train,False,cgt_v1_label_conflict
7a8a16a3a4c33c2e3da6e20d6439a1e1,85fa7bd514a1e8bcbdd0ca15584d1b16d73aaf6bdf9534fac3656f9cb6eba3cd,1,7,2,5,6,arithmetic|bad_randomness|denial_service|front_running|reentrancy|unchecked_low_calls,arithmetic|reentrancy,101|104|107|113|114|120,Zeus|eThor,C:\Users\Exauce\Documents\smart-contract-cgt\source\7a8a16a3a4c33c2e3da6e20d6439a1e1.sol,0,train,False,cgt_v1_label_conflict
7b57ae5ad8fb8c5c3487feac77d39db4,fe40dc02d2ad55fa6648b80e2577b58d965a901b954fd170e6ef9dbe539b1443,1,6,2,4,6,arithmetic|bad_randomness|denial_service|front_running|reentrancy|unchecked_low_calls,arithmetic|denial_service,101|104|107|113|114|120,Zeus,C:\Users\Exauce\Documents\smart-contract-cgt\source\7b57ae5ad8fb8c5c3487feac77d39db4.sol,0,train,False,cgt_v1_label_conflict
7b72ec84631069a4a12a7c5a88cb8dae,137d7e4f5734eba637c180a37f3e2971202c14f319e9ba06c621d23fcb4f295e,1,1,1,0,1,front_running,front_running,114,EthRacer,C:\Users\Exauce\Documents\smart-contract-cgt\source\7b72ec84631069a4a12a7c5a88cb8dae.sol,0,train,False,cgt_v1_label_conflict
7d5378a37d0e1e25de822ff1548bd50b,cf8095fe8551993af861581b25c48da343a580ee13cd05881a37cf8bcdc8aceb,1,5,2,3,5,bad_randomness|denial_service|front_running|reentrancy|unchecked_low_calls,bad_randomness|front_running,104|107|113|114|120,NPChecker,C:\Users\Exauce\Documents\smart-contract-cgt\source\7d5378a37d0e1e25de822ff1548bd50b.sol,0,test,False,cgt_v1_label_conflict
8091742e24d2a27c9ce511f66d83747e,25a3b9416e95f18b987dd3f820b218789cb79281a58002db50c20ec04dedf5e8,1,6,2,4,5,bad_randomness|denial_service|front_running|reentrancy|unchecked_low_calls,denial_service|front_running,104|107|113|114|120,Zeus|eThor,C:\Users\Exauce\Documents\smart-contract-cgt\source\8091742e24d2a27c9ce511f66d83747e.sol,0,train,False,cgt_v1_label_conflict
82f07116ae65b2cfbb79bb9b0b985a56,80d60b80d4dbf7bbe4d9f5a7090af99826be745de2cc473dc090299c4b32f205,1,7,1,6,6,arithmetic|bad_randomness|denial_service|front_running|reentrancy|unchecked_low_calls,reentrancy,101|104|107|113|114|120,Zeus|eThor,C:\Users\Exauce\Documents\smart-contract-cgt\source\82f07116ae65b2cfbb79bb9b0b985a56.sol,0,val,False,cgt_v1_label_conflict
8a82d7c88d29e207458eacbff78d1065,b16c89b517e76a4bf75ecfbe3b358cf7c11ed371a317d77d66e492eda915067b,1,6,2,4,6,arithmetic|bad_randomness|denial_service|front_running|reentrancy|unchecked_low_calls,arithmetic|denial_service,101|104|107|113|114|120,Zeus,C:\Users\Exauce\Documents\smart-contract-cgt\source\8a82d7c88d29e207458eacbff78d1065.sol,0,train,False,cgt_v1_label_conflict
8ac84afe982a789fd97b2f55a5fb07fa,5d90a3ddec268810bd02d8d07c6805426f681d026771f601b71147d71774d274,0,5,0,5,4,bad_randomness|denial_service|reentrancy|unchecked_low_calls,,104|107|113|120|128,CodeSmells,C:\Users\Exauce\Documents\smart-contract-cgt\source\8ac84afe982a789fd97b2f55a5fb07fa.sol,1,train,False,cgt_v1_label_conflict
8d7b4fa64f6cb6099fd382789095795e,3142ef3b51c0c5019bdab143b60aedd2cfe9c15fbfa862a6e8ab95d58ca88a47,1,7,2,5,6,arithmetic|bad_randomness|denial_service|front_running|reentrancy|unchecked_low_calls,denial_service|front_running,101|104|107|113|114|120,Zeus|eThor,C:\Users\Exauce\Documents\smart-contract-cgt\source\8d7b4fa64f6cb6099fd382789095795e.sol,0,train,False,cgt_v1_label_conflict
8f07b15ea27991c70b256a5ccd431bfc,6fd77c7bb336a019de92bd3acf478b70df9f36b6fc264694de203b680943eea2,1,1,1,0,1,front_running,front_running,114,EthRacer,C:\Users\Exauce\Documents\smart-contract-cgt\source\8f07b15ea27991c70b256a5ccd431bfc.sol,0,train,False,cgt_v1_label_conflict
920ec53e51a9724286fc749adc496cfc,0b0321f571f66f33cbcc0da3e8ac3a17924286228008f24efae828e34eea276a,0,7,0,7,6,arithmetic|bad_randomness|denial_service|front_running|reentrancy|unchecked_low_calls,,101|104|107|113|114|120,Zeus|eThor,C:\Users\Exauce\Documents\smart-contract-cgt\source\920ec53e51a9724286fc749adc496cfc.sol,1,train,False,cgt_v1_label_conflict
942c3a05658fc9d712540cdd89db81a4,63a8f7928f50bbf520564e9c1646f9641a6559990b6aa5f906e78e8107c3228a,1,6,3,3,6,arithmetic|bad_randomness|denial_service|front_running|reentrancy|unchecked_low_calls,arithmetic|denial_service|front_running,101|104|107|113|114|120,Zeus,C:\Users\Exauce\Documents\smart-contract-cgt\source\942c3a05658fc9d712540cdd89db81a4.sol,0,train,False,cgt_v1_label_conflict
9531ef97f59019c62d2348001e458830,e1f804f1831b87fd4c513f6c08848d04cbe9832a5ee04a8c760630033ed7a86f,1,1,1,0,1,time_manipulation,time_manipulation,116,ContractFuzzer,C:\Users\Exauce\Documents\smart-contract-cgt\source\9531ef97f59019c62d2348001e458830.sol,0,train,False,cgt_v1_label_conflict
9606e5d78dc6511475a2ea9f229485f5,07da13d68ca520b0c5bc7bb5625f18e17040e547b2395eb45fb721ca3caada62,1,1,1,0,1,front_running,front_running,114,EthRacer,C:\Users\Exauce\Documents\smart-contract-cgt\source\9606e5d78dc6511475a2ea9f229485f5.sol,0,train,False,cgt_v1_label_conflict
977c04512560af4c6d39c31e349921e4,dbbd3254f10c149d04a81c7dd8a22911263d0a3c685da77d94f3b42080ece862,0,5,0,5,4,bad_randomness|denial_service|reentrancy|unchecked_low_calls,,104|107|113|120|128,CodeSmells,C:\Users\Exauce\Documents\smart-contract-cgt\source\977c04512560af4c6d39c31e349921e4.sol,1,train,False,cgt_v1_label_conflict
987beebed3086ee6d2f5472e1d3ad186,7b00d4606252168a029af8c2461f23f9573fe546c306d89729abda3e309d52d5,0,5,0,5,4,bad_randomness|denial_service|reentrancy|unchecked_low_calls,,104|107|113|120|128,CodeSmells,C:\Users\Exauce\Documents\smart-contract-cgt\source\987beebed3086ee6d2f5472e1d3ad186.sol,1,train,False,cgt_v1_label_conflict
9b1500746642e2f3c28c01e085c3130c,043f586d303967c5c314e98ba5dc1cd63bdad0b5404e2c76fb78efd624954ec8,1,7,1,6,6,arithmetic|bad_randomness|denial_service|front_running|reentrancy|unchecked_low_calls,arithmetic,101|104|107|113|114|120,Zeus|eThor,C:\Users\Exauce\Documents\smart-contract-cgt\source\9b1500746642e2f3c28c01e085c3130c.sol,0,train,False,cgt_v1_label_conflict
a1b5213c8a26fb211a4c37ae996e0c07,4c23bdb7648c905257628345bbcb8018278b979e8ae14bf1a73045cdabc6690d,1,7,1,6,6,arithmetic|bad_randomness|denial_service|front_running|reentrancy|unchecked_low_calls,arithmetic,101|104|107|113|114|120,Zeus|eThor,C:\Users\Exauce\Documents\smart-contract-cgt\source\a1b5213c8a26fb211a4c37ae996e0c07.sol,0,train,False,cgt_v1_label_conflict
a746e2a46be20c1d5e59690711f8fc36,a6bf013d0026c6238e70f4dcd5447e5d4fd0793ba8fe29fb3f5e66da07c5b1c4,1,7,3,4,6,arithmetic|bad_randomness|denial_service|front_running|reentrancy|unchecked_low_calls,arithmetic|denial_service|front_running,101|104|107|113|114|120,Zeus|eThor,C:\Users\Exauce\Documents\smart-contract-cgt\source\a746e2a46be20c1d5e59690711f8fc36.sol,0,train,False,cgt_v1_label_conflict
a7d2a49eb1d4345a3b465f92a9d2d5ba,6d4234de860b761290d31f078dacbcd41ac16859677d00f923388fcfcb1fdca4,1,7,2,5,6,arithmetic|bad_randomness|denial_service|front_running|reentrancy|unchecked_low_calls,arithmetic|reentrancy,101|104|107|113|114|120,Zeus|eThor,C:\Users\Exauce\Documents\smart-contract-cgt\source\a7d2a49eb1d4345a3b465f92a9d2d5ba.sol,0,train,False,cgt_v1_label_conflict
a8dfd3ae4eb2961406ab589922188606,818af0ed788b1a3b0bef4d86e78467ee11916648412548f09048730e197c7d3f,0,5,0,5,4,bad_randomness|denial_service|reentrancy|unchecked_low_calls,,104|107|113|120|128,CodeSmells,C:\Users\Exauce\Documents\smart-contract-cgt\source\a8dfd3ae4eb2961406ab589922188606.sol,1,val,False,cgt_v1_label_conflict
a9cc5116934c947b30eb5e57df386e26,d1beadc34aa144f9f78b6f2931a6855f6209c157f8d7ffd4d21bc9b997eca8e3,1,7,3,4,6,arithmetic|bad_randomness|denial_service|front_running|reentrancy|unchecked_low_calls,arithmetic|denial_service|front_running,101|104|107|113|114|120,Zeus|eThor,C:\Users\Exauce\Documents\smart-contract-cgt\source\a9cc5116934c947b30eb5e57df386e26.sol,0,train,False,cgt_v1_label_conflict
ad6471eedf0339b881cde1f50e7624cf,e986d348a51ab1990a3adf0aff1bdb688b1d9c2578551ce29e93b831789251f1,1,1,1,0,1,bad_randomness,bad_randomness,120,ContractFuzzer,C:\Users\Exauce\Documents\smart-contract-cgt\source\ad6471eedf0339b881cde1f50e7624cf.sol,0,train,False,cgt_v1_label_conflict
b06648b43eee1574795524dd8f6d14a3,ca3a8d35b7f2471f36c843e9cef670456378c83100c940b883aa1aea8ab6ea5b,1,5,1,4,4,bad_randomness|denial_service|reentrancy|unchecked_low_calls,bad_randomness,104|107|113|120|128,CodeSmells,C:\Users\Exauce\Documents\smart-contract-cgt\source\b06648b43eee1574795524dd8f6d14a3.sol,0,train,False,cgt_v1_label_conflict
b0ca80c76a0d5c890088ec14a1bfda4e,7999b818c2eb42d9fae49027c8d7ce10d561de4f149640540407e2a82c5326cd,1,6,3,3,5,arithmetic|bad_randomness|denial_service|reentrancy|unchecked_low_calls,arithmetic|denial_service|reentrancy,101|104|107|113|120,Zeus|eThor,C:\Users\Exauce\Documents\smart-contract-cgt\source\b0ca80c76a0d5c890088ec14a1bfda4e.sol,0,val,False,cgt_v1_label_conflict
b0ed6a87bfe3f7d8df5db0e3783c8ded,043e13a60a9f50405d10e0b513491084c54902846c2ff986aa3e200066ec450e,1,7,3,4,6,arithmetic|bad_randomness|denial_service|front_running|reentrancy|unchecked_low_calls,arithmetic|denial_service|front_running,101|104|107|113|114|120,Zeus|eThor,C:\Users\Exauce\Documents\smart-contract-cgt\source\b0ed6a87bfe3f7d8df5db0e3783c8ded.sol,0,train,False,cgt_v1_label_conflict
b29628f643bda8160e99dc0a2928ad95,da2f045af2d536a641af08a01588e2f09d9a3d492cf0075043691c78d2765cf8,1,7,1,6,6,arithmetic|bad_randomness|denial_service|front_running|reentrancy|unchecked_low_calls,denial_service,101|104|107|113|114|120,Zeus|eThor,C:\Users\Exauce\Documents\smart-contract-cgt\source\b29628f643bda8160e99dc0a2928ad95.sol,0,val,False,cgt_v1_label_conflict
b33fbc611e61f4a71538b8455f79b496,8132f9e7c3e109e571fd6561a4c630dbca58f7a06bff7e6a9a17a20d1d28882a,1,1,1,0,1,reentrancy,reentrancy,107,ContractFuzzer,C:\Users\Exauce\Documents\smart-contract-cgt\source\b33fbc611e61f4a71538b8455f79b496.sol,0,val,False,cgt_v1_label_conflict
b4477ef57617863fe3525e116c295d6b,c61955bd644a5cc68dd3822107b5bbb1e4386fbd1045fa5ae4c5f2322cc50c93,0,1,0,1,1,reentrancy,,107,Doublade,C:\Users\Exauce\Documents\smart-contract-cgt\source\b4477ef57617863fe3525e116c295d6b.sol,1,train,False,cgt_v1_label_conflict
b54d06f1d058d0179d7331534dbb5e90,b9c8d7dfce0044e30f439a4a824efadb5b7918d2703733110cce8ffeefd76d81,1,1,1,0,1,time_manipulation,time_manipulation,116,ContractFuzzer,C:\Users\Exauce\Documents\smart-contract-cgt\source\b54d06f1d058d0179d7331534dbb5e90.sol,0,val,False,cgt_v1_label_conflict
b76c14d5ec76e157a5cc07b205bafe76,0d74a9f1b8668cdba2a398eaf340dfe591e46b9912f9a3c0a0a6149e1c5b9ad4,1,6,1,5,6,arithmetic|bad_randomness|denial_service|front_running|reentrancy|unchecked_low_calls,arithmetic,101|104|107|113|114|120,Zeus,C:\Users\Exauce\Documents\smart-contract-cgt\source\b76c14d5ec76e157a5cc07b205bafe76.sol,0,train,False,cgt_v1_label_conflict
b7c50dbb90de3a137e361c251ae9f834,4912c438b4de78f3e9a51a3d017795da7d6194305b8ddf69f4eda97a837ec0b3,1,7,1,6,6,arithmetic|bad_randomness|denial_service|front_running|reentrancy|unchecked_low_calls,arithmetic,101|104|107|113|114|120,Zeus|eThor,C:\Users\Exauce\Documents\smart-contract-cgt\source\b7c50dbb90de3a137e361c251ae9f834.sol,0,val,False,cgt_v1_label_conflict
b9cf60bfe821c22c6c61bd18c4c43edd,39908aeaa471373249705adb9f6f977d8d8216c63aa89be9db1b7f16b625e7c0,1,7,3,4,6,arithmetic|bad_randomness|denial_service|front_running|reentrancy|unchecked_low_calls,arithmetic|denial_service|front_running,101|104|107|113|114|120,Zeus|eThor,C:\Users\Exauce\Documents\smart-contract-cgt\source\b9cf60bfe821c22c6c61bd18c4c43edd.sol,0,train,False,cgt_v1_label_conflict
bf67c31c3dc1e827ccf49d883ce3bbc0,e6ef14c07e4288bb07e02bc3aa08d1ca52260a6825c928350d0275d57c16e68b,1,7,1,6,6,arithmetic|bad_randomness|denial_service|front_running|reentrancy|unchecked_low_calls,reentrancy,101|104|107|113|114|120,Zeus|eThor,C:\Users\Exauce\Documents\smart-contract-cgt\source\bf67c31c3dc1e827ccf49d883ce3bbc0.sol,0,val,False,cgt_v1_label_conflict
c0103edee5c2f2f0d148e0030100a67e,02c913888d89958a38469de747311e02c468d8af7e89f7e2fe64e048fe30435c,0,5,0,5,4,bad_randomness|denial_service|reentrancy|unchecked_low_calls,,104|107|113|120|128,CodeSmells,C:\Users\Exauce\Documents\smart-contract-cgt\source\c0103edee5c2f2f0d148e0030100a67e.sol,1,train,False,cgt_v1_label_conflict
c06dad74cbde3617f87d79ecdbac59d8,7560ce70a6c8eb2b9aac65131db1ae3f66fd960465f36d6e1b66b747f5d4be03,1,7,3,4,6,arithmetic|bad_randomness|denial_service|front_running|reentrancy|unchecked_low_calls,arithmetic|denial_service|front_running,101|104|107|113|114|120,Zeus|eThor,C:\Users\Exauce\Documents\smart-contract-cgt\source\c06dad74cbde3617f87d79ecdbac59d8.sol,0,train,False,cgt_v1_label_conflict
c167f847e093b1b7947ca182fc7fe2d2,21623ce0fdf9e3f0b69d794c8ab7999dd18d7b1ea99186999e1b5efda1d7c1f3,1,7,3,4,6,arithmetic|bad_randomness|denial_service|front_running|reentrancy|unchecked_low_calls,arithmetic|denial_service|front_running,101|104|107|113|114|120,Zeus|eThor,C:\Users\Exauce\Documents\smart-contract-cgt\source\c167f847e093b1b7947ca182fc7fe2d2.sol,0,test,False,cgt_v1_label_conflict
c7d62f596e221b046a2c07fd49e5f0da,96bbb2457aa8e18cf0976944a4503b636eeb99b5b47f3c0bcd57ca688f419248,0,1,0,1,1,denial_service,,113,Doublade,C:\Users\Exauce\Documents\smart-contract-cgt\source\c7d62f596e221b046a2c07fd49e5f0da.sol,1,train,False,cgt_v1_label_conflict
caece3633abbe2b86f4202e608c3be36,695d4085b8fab080799603f6fe84d68db1692116e4f9e67c880a855e078dd9f6,1,7,3,4,6,arithmetic|bad_randomness|denial_service|front_running|reentrancy|unchecked_low_calls,arithmetic|reentrancy,101|104|107|113|114|120,Zeus|eThor,C:\Users\Exauce\Documents\smart-contract-cgt\source\caece3633abbe2b86f4202e608c3be36.sol,0,test,False,cgt_v1_label_conflict
cb806f0d7172a1df6247f651ca28a656,509a470a8165033da3138f266d86731c08d980091bf07b76497d49ed94275b34,0,5,0,5,4,bad_randomness|denial_service|reentrancy|unchecked_low_calls,,104|107|113|120|128,CodeSmells,C:\Users\Exauce\Documents\smart-contract-cgt\source\cb806f0d7172a1df6247f651ca28a656.sol,1,train,False,cgt_v1_label_conflict
cbeda3b4f870a8b249e653c871b5d655,bf17720e3f817596102962518f7e2f34181adb8faa36c8f6ec3f1700497e8c1d,0,1,0,1,1,reentrancy,,107,Doublade,C:\Users\Exauce\Documents\smart-contract-cgt\source\cbeda3b4f870a8b249e653c871b5d655.sol,1,train,False,cgt_v1_label_conflict
cebb42a5ea944d0bfe6ac60f8ced513f,50bc44ed13b0a5fafe70ce6f1db94adca67840870c13008fc67e670d420a2f8c,1,7,2,5,6,arithmetic|bad_randomness|denial_service|front_running|reentrancy|unchecked_low_calls,arithmetic|reentrancy,101|104|107|113|114|120,Zeus|eThor,C:\Users\Exauce\Documents\smart-contract-cgt\source\cebb42a5ea944d0bfe6ac60f8ced513f.sol,0,train,False,cgt_v1_label_conflict
cf971d0b5b95960356fe47e96e281f42,ab71c09264d988e1316ae7b785fbd40507a9ffe92e1676bd6e3c7c359f2c5d70,1,7,3,4,6,arithmetic|bad_randomness|denial_service|front_running|reentrancy|unchecked_low_calls,arithmetic|denial_service|front_running,101|104|107|113|114|120,Zeus|eThor,C:\Users\Exauce\Documents\smart-contract-cgt\source\cf971d0b5b95960356fe47e96e281f42.sol,0,train,False,cgt_v1_label_conflict
d0307253f72355489469449793f2537a,e569e1e803d0e528473fbd792d99e3712ff8dc9c66dc5775518eb5cdb09f5218,1,7,3,4,6,arithmetic|bad_randomness|denial_service|front_running|reentrancy|unchecked_low_calls,arithmetic|denial_service|front_running,101|104|107|113|114|120,Zeus|eThor,C:\Users\Exauce\Documents\smart-contract-cgt\source\d0307253f72355489469449793f2537a.sol,0,test,False,cgt_v1_label_conflict
d150edb6c2ccbf96757e5063f6305026,ab3c4a78328659e6043d2bc5bd4fb7ff21ebc5c09e8b33fe5e5116861c67c7e0,1,12,2,10,6,arithmetic|bad_randomness|denial_service|front_running|reentrancy|unchecked_low_calls,denial_service|front_running,101|104|107|113|114|120|128,CodeSmells|Zeus|eThor,C:\Users\Exauce\Documents\smart-contract-cgt\source\d150edb6c2ccbf96757e5063f6305026.sol,0,val,False,cgt_v1_label_conflict
d232016d1f76ff94f89450c4b897964f,d678b8b67063dfe8659e0a6c187ed8ca51cfc11b329583e813e1268576615922,0,5,0,5,4,bad_randomness|denial_service|reentrancy|unchecked_low_calls,,104|107|113|120|128,CodeSmells,C:\Users\Exauce\Documents\smart-contract-cgt\source\d232016d1f76ff94f89450c4b897964f.sol,1,val,False,cgt_v1_label_conflict
d2a7a7df577a3b1b8baded8855c1b597,8b4688d22808152a78a27209e40b93797d7f00a97a59d2627db349015ddcd877,1,7,4,3,6,arithmetic|bad_randomness|denial_service|front_running|reentrancy|unchecked_low_calls,arithmetic|front_running|reentrancy|unchecked_low_calls,101|104|107|113|114|120,Zeus|eThor,C:\Users\Exauce\Documents\smart-contract-cgt\source\d2a7a7df577a3b1b8baded8855c1b597.sol,0,train,False,cgt_v1_label_conflict
d2c1fd512d5ed924acfb7647113f45f4,84d3cb58f65404b2b9f01319864515a83acf49cd9bf1893753ba01f871049edc,1,7,4,3,6,arithmetic|bad_randomness|denial_service|front_running|reentrancy|unchecked_low_calls,arithmetic|denial_service|front_running|reentrancy,101|104|107|113|114|120,Zeus|eThor,C:\Users\Exauce\Documents\smart-contract-cgt\source\d2c1fd512d5ed924acfb7647113f45f4.sol,0,val,False,cgt_v1_label_conflict
d2c9f4ddb6dabb91742838a31da15421,b357789270835697340e16ab04b4defc5b430d4df9b3fd7dae978b5addabbe72,1,7,3,4,6,arithmetic|bad_randomness|denial_service|front_running|reentrancy|unchecked_low_calls,arithmetic|denial_service|front_running,101|104|107|113|114|120,Zeus|eThor,C:\Users\Exauce\Documents\smart-contract-cgt\source\d2c9f4ddb6dabb91742838a31da15421.sol,0,train,False,cgt_v1_label_conflict
d5150c92d22193b59dc0c83cbb979fd7,af0f1d3d498269f14b84622b7e617deff7699360bea98ebb21489b2c89973373,1,7,1,6,6,arithmetic|bad_randomness|denial_service|front_running|reentrancy|unchecked_low_calls,arithmetic,101|104|107|113|114|120,Zeus|eThor,C:\Users\Exauce\Documents\smart-contract-cgt\source\d5150c92d22193b59dc0c83cbb979fd7.sol,0,test,False,cgt_v1_label_conflict
d60ec58f0a89005f2905c62603bda99a,2a6e9e741b61680eda4b532abe65eb50c7b2cab18ad1d242947f1545f0508810,1,7,1,6,6,arithmetic|bad_randomness|denial_service|front_running|reentrancy|unchecked_low_calls,reentrancy,101|104|107|113|114|120,Zeus|eThor,C:\Users\Exauce\Documents\smart-contract-cgt\source\d60ec58f0a89005f2905c62603bda99a.sol,0,train,False,cgt_v1_label_conflict
d69ee92d90d235fd196c3e420de6a951,33ec1a1af8d45f4b828821059adad6d36709433a316909ccaf8c769875309814,0,5,0,5,4,bad_randomness|denial_service|reentrancy|unchecked_low_calls,,104|107|113|120|128,CodeSmells,C:\Users\Exauce\Documents\smart-contract-cgt\source\d69ee92d90d235fd196c3e420de6a951.sol,1,train,False,cgt_v1_label_conflict
d74d4c709efae8facad5a1cc26543ef2,5973d259ee0a3c532a91ad42349cf640b3795f36834d97c10afbddb9da0b55a6,1,7,1,6,6,arithmetic|bad_randomness|denial_service|front_running|reentrancy|unchecked_low_calls,arithmetic,101|104|107|113|114|120,Zeus|eThor,C:\Users\Exauce\Documents\smart-contract-cgt\source\d74d4c709efae8facad5a1cc26543ef2.sol,0,test,False,cgt_v1_label_conflict
d76d23c9efb7be046e070aad11980ae3,5256265e19803e25eb8e62c4c4b64b3e3455ffbf0d63b16de6e0986bafba38c4,1,7,1,6,6,arithmetic|bad_randomness|denial_service|front_running|reentrancy|unchecked_low_calls,arithmetic,101|104|107|113|114|120,Zeus|eThor,C:\Users\Exauce\Documents\smart-contract-cgt\source\d76d23c9efb7be046e070aad11980ae3.sol,0,train,False,cgt_v1_label_conflict
dd0c57e82f5c056771b1f015437a4da3,3bd656ca3ba53746ee0cc080445088f3a1e6515e791cadeeae81acf5ba71eaa6,0,5,0,5,4,bad_randomness|denial_service|reentrancy|unchecked_low_calls,,104|107|113|120|128,CodeSmells,C:\Users\Exauce\Documents\smart-contract-cgt\source\dd0c57e82f5c056771b1f015437a4da3.sol,1,train,False,cgt_v1_label_conflict
dd28c77a21e8b4d8a29b2122488efe00,8799c71c9e880aab371663642fc047c94fab7d46ad57ccd6625da4c9a3077995,0,7,0,7,6,arithmetic|bad_randomness|denial_service|front_running|reentrancy|unchecked_low_calls,,101|104|107|113|114|120,Zeus|eThor,C:\Users\Exauce\Documents\smart-contract-cgt\source\dd28c77a21e8b4d8a29b2122488efe00.sol,1,train,False,cgt_v1_label_conflict
dfe1dc52292112b36329ee525db682e1,4343be4caf98ecc1d9ceef774ad91f4ae946e7548c75434a9328c2658d93ec82,0,5,0,5,4,bad_randomness|denial_service|reentrancy|unchecked_low_calls,,104|107|113|120|128,CodeSmells,C:\Users\Exauce\Documents\smart-contract-cgt\source\dfe1dc52292112b36329ee525db682e1.sol,1,train,False,cgt_v1_label_conflict
e131f0a499e39139c999ae641a9c7792,9a80c802af1cb49e08787c509f98d34556d3e7110cd68cc852ccf08b353c7235,1,7,2,5,6,arithmetic|bad_randomness|denial_service|front_running|reentrancy|unchecked_low_calls,arithmetic|front_running,101|104|107|113|114|120,Zeus|eThor,C:\Users\Exauce\Documents\smart-contract-cgt\source\e131f0a499e39139c999ae641a9c7792.sol,0,train,False,cgt_v1_label_conflict
e1bd0999813877b22b755acab3c5dd6b,6d7edcc8bc04b6bb9ec77d78ac35741c3b77069657079965c622d24afbdc60cd,0,5,0,5,4,bad_randomness|denial_service|reentrancy|unchecked_low_calls,,104|107|113|120|128,CodeSmells,C:\Users\Exauce\Documents\smart-contract-cgt\source\e1bd0999813877b22b755acab3c5dd6b.sol,1,test,False,cgt_v1_label_conflict
e5b91a1fb63acdbf6ea0fabc18ffcb47,2a76e91934e300bf2e121a907cedab97e9849f2faba1bc78f998f33a8de2bd80,0,4,0,4,3,bad_randomness|denial_service|unchecked_low_calls,,104|113|120|128,CodeSmells,C:\Users\Exauce\Documents\smart-contract-cgt\source\e5b91a1fb63acdbf6ea0fabc18ffcb47.sol,1,val,False,cgt_v1_label_conflict
e7ee069717c1f8885efd8bb78dbda66e,9a535bae736a1549853e706e01d8955ef05af5e76b6e0546120ce5c09ba83aab,1,7,1,6,6,arithmetic|bad_randomness|denial_service|front_running|reentrancy|unchecked_low_calls,arithmetic,101|104|107|113|114|120,Zeus|eThor,C:\Users\Exauce\Documents\smart-contract-cgt\source\e7ee069717c1f8885efd8bb78dbda66e.sol,0,train,False,cgt_v1_label_conflict
e88c5179ce346e03fc3b346600f7aa36,0b0cea7fed1ba01e6cddc6f160c9c79fd1ba82586cad9d95506f758ff111536a,0,5,0,5,4,bad_randomness|denial_service|reentrancy|unchecked_low_calls,,104|107|113|120|128,CodeSmells,C:\Users\Exauce\Documents\smart-contract-cgt\source\e88c5179ce346e03fc3b346600f7aa36.sol,1,val,False,cgt_v1_label_conflict
e9f5fab52bc05798eba1733cead493ce,9fc492804e869163ba8782584937223d39263c700abb72ce86efacbd25ba53ff,0,5,0,5,4,bad_randomness|denial_service|reentrancy|unchecked_low_calls,,104|107|113|120|128,CodeSmells,C:\Users\Exauce\Documents\smart-contract-cgt\source\e9f5fab52bc05798eba1733cead493ce.sol,1,train,False,cgt_v1_label_conflict
ea0c6a170020a5a4fed21f18a2d4bb43,54372f5c295a933f9c05a2d21c8f4677c10c34c15c219dc901a41594c90536a4,0,5,0,5,4,bad_randomness|denial_service|reentrancy|unchecked_low_calls,,104|107|113|120|128,CodeSmells,C:\Users\Exauce\Documents\smart-contract-cgt\source\ea0c6a170020a5a4fed21f18a2d4bb43.sol,1,train,False,cgt_v1_label_conflict
ea3b01e6f185631860a4993056b5f710,a02bf3ad31c6202abe4dda47536cf0284aaa19bcd8bd09575169853da7728ab9,0,5,0,5,4,bad_randomness|denial_service|reentrancy|unchecked_low_calls,,104|107|113|120|128,CodeSmells,C:\Users\Exauce\Documents\smart-contract-cgt\source\ea3b01e6f185631860a4993056b5f710.sol,1,train,False,cgt_v1_label_conflict
ec66c7985a3fca0c5b59dca74b1ab5c2,c17debbe1c13af8eb5675acb45d5498db3a7618fa1bcd7b549c26854633bc05a,0,5,0,5,4,bad_randomness|denial_service|reentrancy|unchecked_low_calls,,104|107|113|120|128,CodeSmells,C:\Users\Exauce\Documents\smart-contract-cgt\source\ec66c7985a3fca0c5b59dca74b1ab5c2.sol,1,train,False,cgt_v1_label_conflict
ef4048f9bb62bae6e6010b4c161bb819,654c016935c6a582b23fe4ab1e96f768fe78890e2a96b35ece073f4524406fdb,1,1,1,0,1,front_running,front_running,114,EthRacer,C:\Users\Exauce\Documents\smart-contract-cgt\source\ef4048f9bb62bae6e6010b4c161bb819.sol,0,train,False,cgt_v1_label_conflict
f1ebf70c7c03be63201aa30bdcd6b577,408cd00eea92d350aeebd09b41510d19617354a66b8f6241688bda7baba30515,1,1,1,0,1,time_manipulation,time_manipulation,116,ContractFuzzer,C:\Users\Exauce\Documents\smart-contract-cgt\source\f1ebf70c7c03be63201aa30bdcd6b577.sol,0,train,False,cgt_v1_label_conflict
f20d964d6fee201fd60a6a2814f0547d,4620b7425f24700ce2fd8c13a626de88ddcf25f035390e865c8d883a28c56e7e,1,8,1,7,6,arithmetic|bad_randomness|denial_service|front_running|reentrancy|unchecked_low_calls,denial_service,101|104|107|113|114|120,EthRacer|Zeus|eThor,C:\Users\Exauce\Documents\smart-contract-cgt\source\f20d964d6fee201fd60a6a2814f0547d.sol,0,train,False,cgt_v1_label_conflict
f2b9683eb7bb0e23c29400bbb3bf4df4,34e8500b675447990aad07f790dd86e3c0d4190216b9d5eaf73831e9c9a1f90e,1,7,3,4,6,arithmetic|bad_randomness|denial_service|front_running|reentrancy|unchecked_low_calls,denial_service|front_running|reentrancy,101|104|107|113|114|120,Zeus|eThor,C:\Users\Exauce\Documents\smart-contract-cgt\source\f2b9683eb7bb0e23c29400bbb3bf4df4.sol,0,val,False,cgt_v1_label_conflict
f40afd3fefac7bcb1b05c424d48579a7,3efcfbca9e968922a25cecc2bf2f7ea6611ed6ca833c24942a95da95b1245a31,1,7,1,6,6,arithmetic|bad_randomness|denial_service|front_running|reentrancy|unchecked_low_calls,reentrancy,101|104|107|113|114|120,Zeus|eThor,C:\Users\Exauce\Documents\smart-contract-cgt\source\f40afd3fefac7bcb1b05c424d48579a7.sol,0,test,False,cgt_v1_label_conflict
f6ad51a70480782e0cdbac07a7e85167,a6cfa207c317ae6baafb358fb70710d63cb84898d96b3c6f3ed9cfcbbaa2e8c6,1,6,2,4,6,arithmetic|bad_randomness|denial_service|front_running|reentrancy|unchecked_low_calls,arithmetic|denial_service,101|104|107|113|114|120,Zeus,C:\Users\Exauce\Documents\smart-contract-cgt\source\f6ad51a70480782e0cdbac07a7e85167.sol,0,train,False,cgt_v1_label_conflict
f74464ec1f4663c077bee9fdaaa29056,0288b55d591abb5d07aa495eac6a95c2a6902ece02207b0091a38f2e2b97fda9,1,7,1,6,6,arithmetic|bad_randomness|denial_service|front_running|reentrancy|unchecked_low_calls,arithmetic,101|104|107|113|114|120,Zeus|eThor,C:\Users\Exauce\Documents\smart-contract-cgt\source\f74464ec1f4663c077bee9fdaaa29056.sol,0,train,False,cgt_v1_label_conflict
f9f3d002e97198d1e22d9503f64e6ef0,57e3c747d61c0ea156e30b8e603b448ae5c39e5663a3cfde0f03e75c639e362d,0,7,0,7,6,arithmetic|bad_randomness|denial_service|front_running|reentrancy|unchecked_low_calls,,101|104|107|113|114|120,Zeus|eThor,C:\Users\Exauce\Documents\smart-contract-cgt\source\f9f3d002e97198d1e22d9503f64e6ef0.sol,1,train,False,cgt_v1_label_conflict
faf6edfa20b390a8cb2e2de26f2071cd,c7f5852e8a82b969905eb5e385e4cb36583b7a68ed172a0974503c8cee2dfe68,0,5,0,5,4,bad_randomness|denial_service|reentrancy|unchecked_low_calls,,104|107|113|120|128,CodeSmells,C:\Users\Exauce\Documents\smart-contract-cgt\source\faf6edfa20b390a8cb2e2de26f2071cd.sol,1,train,False,cgt_v1_label_conflict
fbe6e21cde748db7d70bda8a2ad88c99,b851af3d91d6366b42b53b757ebc594c4ca3c8dadc196a19a07a66ba9bdbb464,1,1,1,0,1,time_manipulation,time_manipulation,116,ContractFuzzer,C:\Users\Exauce\Documents\smart-contract-cgt\source\fbe6e21cde748db7d70bda8a2ad88c99.sol,0,train,False,cgt_v1_label_conflict
fc5d64bfe5ccb35b4ed5cab3715c72f7,d60c82ae73a4347d39358cafd1fd337cdabea4b7e5626172ef87f8e9915c1ef5,0,1,0,1,1,reentrancy,,107,Doublade,C:\Users\Exauce\Documents\smart-contract-cgt\source\fc5d64bfe5ccb35b4ed5cab3715c72f7.sol,1,train,False,cgt_v1_label_conflict
